{
  "clahe_he": {
    "method": "clahe_he",
    "train": {
      "loss": 0.23000773787498474,
      "accuracy": 0.9204210638999939,
      "mse": 0.06568450480699539
    },
    "test": {
      "loss": 0.23715992271900177,
      "accuracy": 0.9184527397155762,
      "mse": 0.06702414900064468
    },
    "dsc_mean": 0.8027395838404778,
    "ssim_mean": 0.33818415519971934
  },
  "original": {
    "method": "original",
    "train": {
      "loss": 0.2053678333759308,
      "accuracy": 0.9130407571792603,
      "mse": 0.06088456138968468
    },
    "test": {
      "loss": 0.21119602024555206,
      "accuracy": 0.9119868874549866,
      "mse": 0.06157318502664566
    },
    "dsc_mean": 0.8017689418414068,
    "ssim_mean": 0.47688136752437255
  },
  "he": {
    "method": "he",
    "train": {
      "loss": 0.21627289056777954,
      "accuracy": 0.9146760702133179,
      "mse": 0.06256192922592163
    },
    "test": {
      "loss": 0.22568781673908234,
      "accuracy": 0.9121362566947937,
      "mse": 0.06439776718616486
    },
    "dsc_mean": 0.8124845598095026,
    "ssim_mean": 0.46078486060348123
  },
  "clahe": {
    "method": "clahe",
    "train": {
      "loss": 0.20668961107730865,
      "accuracy": 0.9117225408554077,
      "mse": 0.06168423965573311
    },
    "test": {
      "loss": 0.2126445472240448,
      "accuracy": 0.9108792543411255,
      "mse": 0.062289685010910034
    },
    "dsc_mean": 0.7942482913400157,
    "ssim_mean": 0.47656284434623103
  },
  "he_clahe": {
    "method": "he_clahe",
    "train": {
      "loss": 0.19688540697097778,
      "accuracy": 0.9369334578514099,
      "mse": 0.05563610419631004
    },
    "test": {
      "loss": 0.20544679462909698,
      "accuracy": 0.9345719814300537,
      "mse": 0.05731900781393051
    },
    "dsc_mean": 0.8640841203295778,
    "ssim_mean": 0.48019157501943727
  }
}